[
{"lat":"42.3098114","lon":"-72.7148142","ele":"91","gnis:Class":"Populated Place","gnis:County":"Hampshire","gnis:County_num":"015","gnis:id":"608819","gnis:ST_alpha":"MA","gnis:ST_num":"25","import_uuid":"bb7269ee-502a-5391-8056-e3ce0e66489c","is_in":"Hampshire,Massachusetts,Mass.,MA,USA","name":"West Farms","place":"hamlet"},
{"lat":"42.3014786","lon":"-72.6731466","ele":"82","gnis:Class":"Populated Place","gnis:County":"Hampshire","gnis:County_num":"015","gnis:id":"608786","gnis:ST_alpha":"MA","gnis:ST_num":"25","import_uuid":"bb7269ee-502a-5391-8056-e3ce0e66489c","is_in":"Hampshire,Massachusetts,Mass.,MA,USA","name":"Pine Grove","place":"hamlet"},
{"lat":"42.3588636","lon":"-72.6402018","ele":"62","gnis:Class":"Populated Place","gnis:County":"Hampshire","gnis:County_num":"015","gnis:id":"608758","gnis:ST_alpha":"MA","gnis:ST_num":"25","import_uuid":"bb7269ee-502a-5391-8056-e3ce0e66489c","is_in":"Hampshire,Massachusetts,Mass.,MA,USA","name":"Laurel Park","place":"hamlet"},
{"lat":"42.3356448","lon":"-72.6717575","ele":"84","gnis:Class":"Populated Place","gnis:County":"Hampshire","gnis:County_num":"015","gnis:id":"608742","gnis:ST_alpha":"MA","gnis:ST_num":"25","import_uuid":"bb7269ee-502a-5391-8056-e3ce0e66489c","is_in":"Hampshire,Massachusetts,Mass.,MA,USA","name":"Florence","place":"hamlet"},
{"lat":"42.3190227","lon":"-72.6306344","census:population":"28592;2006","ele":"76","gnis:Class":"Populated Place","gnis:County":"Hampshire","gnis:County_num":"015","gnis:id":"606674","gnis:ST_alpha":"MA","gnis:ST_num":"25","import_uuid":"bb7269ee-502a-5391-8056-e3ce0e66489c","is_in":"Hampshire,Massachusetts,Mass.,MA,USA","name":"Northampton","place":"town","population":"28592","website":"http://northamptonma.gov/"},
{"lat":"42.3223117","lon":"-72.663424","ele":"65","gnis:Class":"Populated Place","gnis:County":"Hampshire","gnis:County_num":"015","gnis:id":"608705","gnis:ST_alpha":"MA","gnis:ST_num":"25","import_uuid":"bb7269ee-502a-5391-8056-e3ce0e66489c","is_in":"Hampshire,Massachusetts,Mass.,MA,USA","name":"Bay State","place":"hamlet"},
{"lat":"42.3543687","lon":"-72.7010568","ele":"117","gnis:Class":"Populated Place","gnis:County":"Hampshire","gnis:County_num":"015","gnis:id":"608759","gnis:ST_alpha":"MA","gnis:ST_num":"25","import_uuid":"bb7269ee-502a-5391-8056-e3ce0e66489c","is_in":"Hampshire,Massachusetts,Mass.,MA,USA","name":"Leeds","place":"hamlet"},
{"lat":"42.3653665","lon":"-72.6712018","ele":"106","gnis:Class":"Populated Place","gnis:County":"Hampshire","gnis:County_num":"015","gnis:id":"608780","gnis:ST_alpha":"MA","gnis:ST_num":"25","import_uuid":"bb7269ee-502a-5391-8056-e3ce0e66489c","is_in":"Hampshire,Massachusetts,Mass.,MA,USA","name":"North Farms","place":"hamlet"},
{"lat":"42.3077901","lon":"-72.6591001","address":"205 Rocky Hill Road, Northampton, MA 01060","amenity":"prison","attribution":"Office of Geographic and Environmental Information (MassGIS), Commonwealth of Massachusetts Executive Office of Environmental Affairs","inmate_capcity":"248","inmate_count":"214","massgis:id":"14","name":"Hampshire County Jail and House of Correction","security":"Medium,Minimum","sex":"male","source_url":"http://mass.gov/mgis/prisons.htm","type":"County"},
{"lat":"42.3305522","lon":"-72.6537695","address":"30 Locust Street, Northampton, MA","amenity":"hospital","attribution":"Office of Geographic and Environmental Information (MassGIS), Commonwealth of Massachusetts Executive Office of Environmental Affairs","emergency_room":"yes","massgis:id":"31","name":"Cooley Dickinson Hospital","shortname":"Cooley Dickinson","source_url":"http://mass.gov/mgis/hospitals.htm"},
{"lat":"42.349757","lon":"-72.6815404","address":"421 North Main St, Northampton, MA","amenity":"hospital","attribution":"Office of Geographic and Environmental Information (MassGIS), Commonwealth of Massachusetts Executive Office of Environmental Affairs","massgis:id":"146","name":"Northampton Va Medical Center","source_url":"http://mass.gov/mgis/hospitals.htm"},
{"lat":"42.3544554","lon":"-72.6401499","address":"555 N King St, Northampton, MA, 01060","amenity":"police","attribution":"Office of Geographic and Environmental Information (MassGIS), Massachusetts Emergency Management Agency","jurisdiction":"State","name":"Sp Northampton","source_url":"http://mass.gov/mgis/policestations.htm"},
{"lat":"42.3075004","lon":"-72.6582912","address":"205 Rocky Hill Rd, Northampton, MA, 01060","amenity":"police","attribution":"Office of Geographic and Environmental Information (MassGIS), Massachusetts Emergency Management Agency","jurisdiction":"County","name":"Hampshire County Sheriff","source_url":"http://mass.gov/mgis/policestations.htm"},
{"lat":"42.3318824","lon":"-72.6353995","address":"26 Carlon Drive, Northampton, MA, 01060","amenity":"fire_station","attribution":"Office of Geographic and Environmental Information (MassGIS), Massachusetts Emergency Management Agency","name":"Northampton Fire Department","office":"Headquarters","source_url":"http://mass.gov/mgis/firestations.htm"},
{"lat":"42.3345745","lon":"-72.6716038","address":"69 Maple St, Northampton, MA, 01060","amenity":"fire_station","attribution":"Office of Geographic and Environmental Information (MassGIS), Massachusetts Emergency Management Agency","name":"Northampton Fire Department","office":"Florence Substation","source_url":"http://mass.gov/mgis/firestations.htm"},
{"lat":"42.3355696","lon":"-72.674133","address":"19 Meadow Street, Northampton MA 00","addr:state":"MA","amenity":"library","attribution":"Office of Geographic and Environmental Information (MassGIS)","ele":"85","gnis:county":"Hampshire","gnis:feature_id":"2341371","gnis:impart":"57871b70-0100-4405-bb30-88b2e001a944","gnis:review":"no","name":"Lilly Library","office":"Northampton","region":"Western","source_url":"http://mass.gov/mgis/libraries.htm","type":"Public","undefined":"57871b70-0100-4405-bb30-88b2e001a944"},
{"lat":"42.3195212","lon":"-72.6303834","addr:city":"Northampton","addr:country":"US","address":"99 Main Street, Courthouse, Northampton MA 01060","addr:housenumber":"99","addr:postcode":"01060","addr:state":"MA","addr:street":"Main Street","amenity":"library","attribution":"Office of Geographic and Environmental Information (MassGIS)","ele":"42","gnis:county_name":"Hampshire","gnis:feature_id":"1977529","gnis:import_uuid":"57871b70-0100-4405-bb30-88b2e001a944","gnis:reviewed":"no","name":"Hampshire Law Library","office":"Massachusetts Trial Court Law Libraries","region":"Western","source_url":"http://mass.gov/mgis/libraries.htm","type":"Special-Law"},
{"lat":"42.3322488","lon":"-72.6586196","address":"80 Locust Street, Northampton MA 01060","amenity":"library","attribution":"Office of Geographic and Environmental Information (MassGIS)","name":"Library","office":"Smith Vocational/Agricultural High School","region":"Western","source_url":"http://mass.gov/mgis/libraries.htm","type":"School"},
{"lat":"42.3516","lon":"-72.6988","address":"421 North Main Street, Leeds MA 01053","amenity":"library","attribution":"Office of Geographic and Environmental Information (MassGIS)","name":"Medical Library","office":"Department Of Veterans Affairs","region":"Western","source_url":"http://mass.gov/mgis/libraries.htm","type":"Special-Medical"},
{"lat":"42.3242526","lon":"-72.6402847","address":"47 Round Hill Road, Northampton MA 01060","amenity":"library","attribution":"Office of Geographic and Environmental Information (MassGIS)","name":"Alumni And The Bill G. Belvins Professi","office":"Clarke School For The Deaf/Center For Oral Education","region":"Western","source_url":"http://mass.gov/mgis/libraries.htm","type":"School"},
{"lat":"42.3251134","lon":"-72.6504421","address":"380 Elm Street, Northampton MA 01060","amenity":"library","attribution":"Office of Geographic and Environmental Information (MassGIS)","name":"Library Media Center","office":"Northampton High School","region":"Western","source_url":"http://mass.gov/mgis/libraries.htm","type":"School"},
{"lat":"42.3301763","lon":"-72.6532651","address":"30 Locust Street, Northampton MA 01060","amenity":"library","attribution":"Office of Geographic and Environmental Information (MassGIS)","name":"Richard H. Dolloff Medical Library","office":"Cooley Dickinson Hospital","region":"Western","source_url":"http://mass.gov/mgis/libraries.htm","type":"Special-Medical"},
{"lat":"42.3182","lon":"-72.62485","address":"97 Hawley Street, Northampton MA 01060","amenity":"library","attribution":"Office of Geographic and Environmental Information (MassGIS)","name":"Curriculum Resource Center","office":"Hampshire Educational Collaborative","region":"Western","source_url":"http://mass.gov/mgis/libraries.htm","type":"Special"},
{"lat":"42.3453143","lon":"-72.6765885","address":"100 Bridge Road, Florence MA 01062","amenity":"library","attribution":"Office of Geographic and Environmental Information (MassGIS)","name":"Library","office":"Jfk Middle School","region":"Western","source_url":"http://mass.gov/mgis/libraries.htm","type":"School"},
{"lat":"42.332588","lon":"-72.6277402","address":"51 Bates Street, Northampton MA 01060","amenity":"school","attribution":"Office of Geographic and Environmental Information (MassGIS)","grades":"PK,K,1,2,3,4,5,6","massgis:school_id":"02100805","name":"Montessori School of Northampton","phone":"413-586-4538","source_url":"http://mass.gov/mgis/schools.htm","type":"Private"},
{"lat":"42.3182617","lon":"-72.6253131","address":"97 Hawley Street, Northampton MA 01060","amenity":"school","name":"Hampshire Educational Collaborative","phone":"413-586-4900","type":"Collaborative Program"},
{"lat":"42.3176828","lon":"-72.6264305","address":"228 Pleasant Street, c/o Special Education Department, Northhampton MA 01060","amenity":"school","name":"Hampshire Educational Collaborative","phone":"413-584-1664","type":"Collaborative Program"},
{"lat":"42.3295701","lon":"-72.6423672","address":"257 Prospect Street, Northampton MA 01060","amenity":"school","attribution":"Office of Geographic and Environmental Information (MassGIS)","grades":"K,1,2,3,4,5,6","massgis:school_id":"02100815","name":"Solomon Schechter Day School of the Pioneer Valley","phone":"413-584-6622","source_url":"http://mass.gov/mgis/schools.htm","type":"Private"},
{"lat":"42.3452561","lon":"-72.6777542","address":"100 Bridge Rd, Florence MA 01062","amenity":"school","attribution":"Office of Geographic and Environmental Information (MassGIS)","massgis:school_id":"05320018","name":"Hampshire Educational Collaborative - JFK Middle School Afterschool Program","phone":"413-587-1284","source_url":"http://mass.gov/mgis/schools.htm","type":"Collaborative Program"},
{"lat":"42.3171486","lon":"-72.6936092","address":"498 Ryan Rd, Florence MA 01062","amenity":"school","attribution":"Office of Geographic and Environmental Information (MassGIS)","grades":"K,1,2,3,4,5","massgis:school_id":"02100029","name":"R. K. Finn Ryan Road","phone":"413-587-1550","source_url":"http://mass.gov/mgis/schools.htm","type":"Public"},
{"lat":"42.3207748","lon":"-72.6231601","address":"78 Pomeroy Terrace, Northampton MA 01060","amenity":"school","attribution":"Office of Geographic and Environmental Information (MassGIS)","grades":"K,1,2,3,4,5,6,7,8,9,10,11,12","massgis:school_id":"02100835","name":"Cutchins Program","phone":"413-584-1310","source_url":"http://mass.gov/mgis/schools.htm","type":"Approved Special Education"},
{"lat":"42.319989","lon":"-72.6230068","address":"78 Pomeroy Terrace, Northampton MA 01060","amenity":"school","attribution":"Office of Geographic and Environmental Information (MassGIS)","grades":"SP","massgis:school_id":"02100818","name":"New Directions","phone":"413-584-1310","source_url":"http://mass.gov/mgis/schools.htm","type":"Approved Special Education"},
{"lat":"42.3344647","lon":"-72.6448736","address":"120 Jackson Street, Northampton MA 01060","amenity":"school","attribution":"Office of Geographic and Environmental Information (MassGIS)","grades":"PK,K,1,2,3,4,5","massgis:school_id":"02100020","name":"Jackson Street","phone":"413-587-1510","source_url":"http://mass.gov/mgis/schools.htm","type":"Public"},
{"lat":"42.3518332","lon":"-72.6983811","address":"20 Florence Street, Leeds MA 01053","amenity":"school","attribution":"Office of Geographic and Environmental Information (MassGIS)","ele":"116","gnis:county_id":"015","gnis:created":"01/15/2003","gnis:feature_id":"1977596","gnis:state_id":"25","grades":"K,1,2,3,4,5","massgis:school_id":"02100025","name":"Leeds Elementary School","phone":"413-587-1531","source_url":"http://mass.gov/mgis/schools.htm","type":"Public"},
{"lat":"42.3298682","lon":"-72.6239571","address":"300 Bridge St, Northampton MA 01060","amenity":"school","attribution":"Office of Geographic and Environmental Information (MassGIS)","massgis:school_id":"05320007","name":"Hampshire Educational Collaborative - Pre-Vocational","phone":"413-584-1664","source_url":"http://mass.gov/mgis/schools.htm","type":"Collaborative Program"},
{"lat":"42.3242527","lon":"-72.6402847","address":"47 Round Hill Road, Northampton MA 01060","amenity":"school","attribution":"Office of Geographic and Environmental Information (MassGIS)","grades":"SP","massgis:school_id":"02100810","name":"Clarke Sch for the Deaf","phone":"413-584-3450","source_url":"http://mass.gov/mgis/schools.htm","type":"Approved Special Education"},
{"lat":"42.3311483","lon":"-72.6564846","address":"80 Locust Street, Northampton MA 01060","amenity":"school","attribution":"Office of Geographic and Environmental Information (MassGIS)","grades":"9,10,11,12","massgis:school_id":"04060705","name":"Smith Voc and Agr High","phone":"413-587-1414","source_url":"http://mass.gov/mgis/schools.htm","type":"Public"},
{"lat":"42.323753","lon":"-72.6265771","address":"2 Parsons Street, Northampton MA 01060","amenity":"school","attribution":"Office of Geographic and Environmental Information (MassGIS)","grades":"K,1,2,3,4,5","massgis:school_id":"02100005","name":"Bridge Street School","phone":"413-587-1460","source_url":"http://mass.gov/mgis/schools.htm","type":"Public"},
{"lat":"42.345431","lon":"-72.6766291","address":"100 Bridge Rd, Florence MA 01062","amenity":"school","attribution":"Office of Geographic and Environmental Information (MassGIS)","grades":"6,7,8","massgis:school_id":"02100410","name":"John F Kennedy Middle School","phone":"413-587-1489","source_url":"http://mass.gov/mgis/schools.htm","type":"Public"},
{"lat":"42.3375531","lon":"-72.6485538","address":"737 Bridge Rd, Northampton MA 01060","amenity":"school","attribution":"Office of Geographic and Environmental Information (MassGIS)","grades":"SP","massgis:school_id":"02100823","name":"Hallmark Developmental School","phone":"413-586-3300","source_url":"http://mass.gov/mgis/schools.htm","type":"Approved Special Education"},
{"lat":"42.3254862","lon":"-72.6508873","address":"380 Elm Street, Northampton MA 01060","amenity":"school","attribution":"Office of Geographic and Environmental Information (MassGIS)","grades":"9,10,11,12","massgis:school_id":"02100505","name":"Northampton High","phone":"413-587-1346","source_url":"http://mass.gov/mgis/schools.htm","type":"Public"},
{"lat":"42.3545705","lon":"-72.7025325","amenity":"post_office","ele":"107","gnis:county_id":"015","gnis:created":"01/15/2003","gnis:feature_id":"1977597","gnis:state_id":"25","name":"Leeds Post Office"},
{"lat":"42.3037362","lon":"-72.6065987","name":"Rainbow Beach","natural":"beach"},
{"lat":"42.3198121","lon":"-72.6228675","amenity":"school","ele":"40","gnis:county_id":"015","gnis:created":"08/27/2002","gnis:feature_id":"601150","gnis:state_id":"25","name":"Northampton School for Girls"},
{"lat":"42.3167566","lon":"-72.6225898","amenity":"school","ele":"36","gnis:county_id":"015","gnis:created":"08/27/2002","gnis:feature_id":"601151","gnis:state_id":"25","name":"Williams Street School"},
{"lat":"42.3314783","lon":"-72.6564793","amenity":"school","ele":"72","gnis:county_id":"015","gnis:created":"08/27/2002","gnis:feature_id":"601283","gnis:state_id":"25","name":"Smith Vocational and Agricultural School"},
{"lat":"42.3524898","lon":"-72.6412038","amenity":"grave_yard","ele":"59","gnis:county_id":"015","gnis:state_id":"25","name":"Hebrew Cemetery"},
{"lat":"42.3292562","lon":"-72.6481458","ele":"69","gnis:county_id":"015","gnis:created":"08/27/2002","gnis:feature_id":"601297","gnis:state_id":"25","leisure":"park","name":"Childs Park"},
{"lat":"42.3235935","lon":"-72.6400356","amenity":"school","ele":"81","gnis:county_id":"015","gnis:created":"08/27/2002","gnis:feature_id":"601301","gnis:state_id":"25","name":"Clark School for the Deaf"},
{"lat":"42.3375893","lon":"-72.6537015","amenity":"grave_yard","ele":"71","gnis:county_id":"015","gnis:created":"08/27/2002","gnis:feature_id":"601304","gnis:state_id":"25","name":"Saint Marys Cemetery"},
{"lat":"42.3345935","lon":"-72.6744277","amenity":"grave_yard","ele":"84","gnis:county_id":"015","gnis:created":"08/27/2002","gnis:feature_id":"601305","gnis:state_id":"25","name":"Park Street Cemetery"},
{"lat":"42.332867","lon":"-72.6692574","amenity":"school","ele":"83","gnis:county_id":"015","gnis:created":"08/27/2002","gnis:feature_id":"601306","gnis:state_id":"25","name":"Annunciation School"},
{"lat":"42.3223117","lon":"-72.6612018","amenity":"school","ele":"63","gnis:county_id":"015","gnis:created":"08/27/2002","gnis:feature_id":"601307","gnis:state_id":"25","name":"Feiker School"},
{"lat":"42.3320337","lon":"-72.6703685","amenity":"school","ele":"84","gnis:county_id":"015","gnis:created":"08/27/2002","gnis:feature_id":"601308","gnis:state_id":"25","name":"Hill Institute"},
{"lat":"42.3125899","lon":"-72.6342567","amenity":"school","ele":"50","gnis:county_id":"015","gnis:created":"08/27/2002","gnis:feature_id":"601310","gnis:state_id":"25","name":"South Street School"},
{"lat":"42.3189787","lon":"-72.628701","amenity":"school","ele":"39","gnis:county_id":"015","gnis:created":"08/27/2002","gnis:feature_id":"601312","gnis:state_id":"25","name":"Commercial College"},
{"lat":"42.3225897","lon":"-72.6314788","amenity":"school","ele":"40","fixme":"does this still school exist? or was it one of the demolished buildings?","gnis:county_id":"015","gnis:created":"08/27/2002","gnis:feature_id":"601313","gnis:state_id":"25","name":"Sacred Heart School"},
{"lat":"42.3210223","lon":"-72.6349485","amenity":"school","ele":"45","gnis:county_id":"015","gnis:created":"08/27/2002","gnis:feature_id":"601315","gnis:state_id":"25","name":"Northampton Junior High School"},
{"lat":"42.3181487","lon":"-72.6384224","address":"Smith College, Northampton MA 01060","amenity":"school","ele":"57","gnis:county_id":"015","gnis:state_id":"25","name":"Smith College Campus","phone":"413-585-3270","type":"Private"},
{"lat":"42.3189326","lon":"-72.6369353","amenity":"school","ele":"58","gnis:county_id":"015","gnis:state_id":"25","name":"Burnham School"},
{"lat":"42.320923","lon":"-72.6342567","amenity":"school","ele":"44","gnis:county_id":"015","gnis:created":"08/27/2002","gnis:feature_id":"601318","gnis:state_id":"25","name":"Saint Michaels School","note":"FIXME I thought this was an nursing home. Is there a school too? or does it just have school in the name?"},
{"lat":"42.3214785","lon":"-72.6500904","amenity":"school","ele":"63","gnis:county_id":"015","gnis:created":"08/27/2002","gnis:feature_id":"601320","gnis:state_id":"25","name":"Vernon Street School"},
{"lat":"42.3445333","lon":"-72.6884245","ele":"80","gnis:county_id":"015","gnis:created":"08/27/2002","gnis:feature_id":"601325","gnis:state_id":"25","leisure":"park","name":"Look Memorial Park"},
{"lat":"42.3487001","lon":"-72.6731463","amenity":"grave_yard","ele":"85","gnis:county_id":"015","gnis:created":"08/27/2002","gnis:feature_id":"601328","gnis:state_id":"25","name":"Spring Grove Cemetery"},
{"lat":"42.345089","lon":"-72.6764797","amenity":"school","ele":"85","gnis:county_id":"015","gnis:created":"08/27/2002","gnis:feature_id":"601329","gnis:state_id":"25","name":"Northampton Junior High School"},
{"lat":"42.301756","lon":"-72.7162032","amenity":"grave_yard","ele":"92","gnis:county_id":"015","gnis:created":"08/27/2002","gnis:feature_id":"601330","gnis:state_id":"25","name":"West Farms Cemetery"},
{"lat":"42.2900901","lon":"-72.6450905","ele":"39","gnis:county_id":"015","gnis:created":"08/27/2002","gnis:feature_id":"603882","gnis:state_id":"25","leisure":"park","name":"Arcadia Sanctuary"},
{"lat":"42.3284226","lon":"-72.6703686","ele":"67","gnis:county_id":"015","gnis:created":"08/27/2002","gnis:feature_id":"603884","gnis:state_id":"25","leisure":"park","name":"Maines Field"},
{"lat":"42.3066519","lon":"-72.6460894","ele":"36","gnis:county_id":"015","gnis:created":"08/27/2002","gnis:feature_id":"605314","gnis:state_id":"25","landuse":"reservoir","name":"Mill River Diversion Reservoir"},
{"lat":"42.3067173","lon":"-72.6459833","ele":"36","gnis:county_id":"015","gnis:created":"08/27/2002","gnis:feature_id":"605315","gnis:state_id":"25","name":"Mill River Dam","waterway":"dam"},
{"lat":"42.3069425","lon":"-72.6604693","ele":"66","gnis:county_id":"015","gnis:created":"08/27/2002","gnis:feature_id":"605316","gnis:state_id":"25","name":"Rocky Hill Pond Dam","waterway":"dam"},
{"lat":"42.318151","lon":"-72.6413805","landuse":"reservoir","name":"Paradise Pond"},
{"lat":"42.3184228","lon":"-72.6612018","ele":"68","gnis:county_id":"015","gnis:created":"08/27/2002","gnis:feature_id":"605341","gnis:state_id":"25","landuse":"reservoir","name":"Mill River Reservoir"},
{"lat":"42.3183698","lon":"-72.6612962","ele":"68","gnis:county_id":"015","gnis:created":"08/27/2002","gnis:feature_id":"605342","gnis:state_id":"25","name":"Mill River Dam","waterway":"dam"},
{"lat":"42.3302511","lon":"-72.6778363","landuse":"reservoir","name":"Mill River Reservoir"},
{"lat":"42.3264783","lon":"-72.6648129","ele":"98","gnis:county_id":"015","gnis:created":"02/24/1974","gnis:feature_id":"608700","gnis:state_id":"25","name":"Baker Hill","natural":"peak"},
{"lat":"42.2889782","lon":"-72.7356482","ele":"107","gnis:county_id":"015","gnis:created":"02/24/1974","gnis:feature_id":"608725","gnis:state_id":"25","landuse":"reservoir","name":"Clear Falls Pond"},
{"lat":"42.3209222","lon":"-72.734259","ele":"248","gnis:county_id":"015","gnis:created":"02/24/1974","gnis:feature_id":"608770","gnis:state_id":"25","name":"Mineral Hills","natural":"peak"},
{"lat":"42.3481443","lon":"-72.7073138","ele":"177","gnis:county_id":"015","gnis:created":"02/24/1974","gnis:feature_id":"608794","gnis:state_id":"25","name":"Roberts Hill","natural":"peak"},
{"lat":"42.352033","lon":"-72.7100916","ele":"119","gnis:county_id":"015","gnis:created":"02/24/1974","gnis:feature_id":"608797","gnis:state_id":"25","landuse":"reservoir","name":"Roberts Meadow Reservoir"},
{"lat":"42.3070341","lon":"-72.6606462","ele":"66","gnis:county_id":"015","gnis:created":"02/24/1974","gnis:feature_id":"608799","gnis:state_id":"25","landuse":"reservoir","name":"Rocky Hill Pond"},
{"lat":"42.3237007","lon":"-72.6398124","ele":"81","gnis:county_id":"015","gnis:created":"02/24/1974","gnis:feature_id":"608800","gnis:state_id":"25","name":"Round Hill","natural":"peak"},
{"lat":"42.3389777","lon":"-72.7092583","ele":"188","gnis:county_id":"015","gnis:created":"02/24/1974","gnis:feature_id":"608804","gnis:state_id":"25","name":"Sawmill Hills","natural":"peak"},
{"lat":"42.3381443","lon":"-72.7273143","ele":"134","gnis:county_id":"015","gnis:created":"02/24/1974","gnis:feature_id":"608817","gnis:state_id":"25","landuse":"reservoir","name":"Upper Reservoir"},
{"lat":"42.3395339","lon":"-72.6245342","ele":"33","gnis:county_id":"015","gnis:created":"02/24/1974","gnis:feature_id":"609001","gnis:state_id":"25","name":"Elwell Island","place":"island"},
{"lat":"42.3167568","lon":"-72.5953669","ele":"35","gnis:county_id":"015","gnis:created":"02/24/1974","gnis:feature_id":"609082","gnis:state_id":"25","name":"Shepherd Island","place":"island"},
{"lat":"42.3268968","lon":"-72.6567753","ele":"51","gnis:county_id":"015","gnis:created":"08/01/1994","gnis:feature_id":"619602","gnis:state_id":"25","man_made":"tower","name":"WHMP-AM (Northampton)"},
{"lat":"42.3203176","lon":"-72.6369879","ele":"59","gnis:county_id":"015","gnis:created":"08/01/1994","gnis:feature_id":"619687","gnis:state_id":"25","man_made":"tower","name":"WOZQ-FM (Northampton)"},
{"lat":"42.3217565","lon":"-72.6237009","amenity":"place_of_worship","ele":"39","gnis:county_id":"015","gnis:created":"01/15/2003","gnis:feature_id":"1977414","gnis:state_id":"25","name":"College Church","religion":"christian"},
{"lat":"42.3398114","lon":"-72.6578682","amenity":"place_of_worship","ele":"79","gnis:county_id":"015","gnis:created":"01/15/2003","gnis:feature_id":"1977422","gnis:state_id":"25","name":"Cornerstone Chapel","religion":"christian"},
{"lat":"42.3375896","lon":"-72.6220341","ele":"34","gnis:county_id":"015","gnis:created":"01/15/2003","gnis:feature_id":"1977455","gnis:state_id":"25","leisure":"park","name":"Elwell State Park"},
{"lat":"42.3192948","lon":"-72.6326964","amenity":"place_of_worship","ele":"46","gnis:county_id":"015","gnis:created":"01/15/2003","gnis:feature_id":"1977467","gnis:state_id":"25","name":"First Church of Christ Scientist","religion":"christian"},
{"lat":"42.3179704","lon":"-72.6338853","amenity":"place_of_worship","denomination":"congregational","ele":"47","gnis:county_id":"015","gnis:created":"01/15/2003","gnis:feature_id":"1977468","gnis:state_id":"25","name":"Edwards Church UCC","religion":"christian"},
{"lat":"42.3317559","lon":"-72.6745353","amenity":"place_of_worship","ele":"82","gnis:county_id":"015","gnis:created":"01/15/2003","gnis:feature_id":"1977477","gnis:state_id":"25","name":"Florence Congregational Church","religion":"christian"},
{"lat":"42.3356113","lon":"-72.6716413","amenity":"post_office","ele":"84","gnis:county_id":"015","gnis:created":"01/15/2003","gnis:feature_id":"1977479","gnis:state_id":"25","name":"Florence Post Office"},
{"lat":"42.3125899","lon":"-72.6337012","ele":"49","gnis:county_id":"015","gnis:created":"01/15/2003","gnis:feature_id":"1977482","gnis:state_id":"25","leisure":"park","name":"Fort Hill Historic District"},
{"lat":"42.3648106","lon":"-72.7078692","amenity":"hospital","ele":"157","gnis:county_id":"015","gnis:created":"01/15/2003","gnis:feature_id":"1977525","gnis:state_id":"25","name":"Hampshire County Long Term Care Facility"},
{"lat":"42.320923","lon":"-72.6400902","amenity":"place_of_worship","ele":"65","gnis:county_id":"015","gnis:created":"01/15/2003","gnis:feature_id":"1977542","gnis:state_id":"25","name":"Helen Hills Chapel","religion":"christian"},
{"lat":"42.3194295","lon":"-72.6419598","ele":"52","leisure":"park","name":"Japanese Garden"},
{"lat":"42.3453668","lon":"-72.6767575","amenity":"school","ele":"87","gnis:county_id":"015","gnis:created":"01/15/2003","gnis:feature_id":"1977574","gnis:state_id":"25","name":"John F Kennedy Junior High School"},
{"lat":"42.3234228","lon":"-72.6525905","ele":"48","gnis:county_id":"015","gnis:created":"01/15/2003","gnis:feature_id":"1977579","gnis:state_id":"25","leisure":"park","name":"Kearney Field"},
{"lat":"42.3247512","lon":"-72.6248553","amenity":"place_of_worship","denomination":"jehovahs_witness","ele":"40","gnis:county_id":"015","gnis:created":"01/15/2003","gnis:feature_id":"1977584","gnis:state_id":"25","name":"Kingdom Hall of Jehovahs Witnesses","religion":"christian"},
{"lat":"42.3198181","lon":"-72.6230375","amenity":"school","ele":"42","gnis:county_id":"015","gnis:created":"01/15/2003","gnis:feature_id":"1977656","gnis:state_id":"25","name":"New Directions School"},
{"lat":"42.3179931","lon":"-72.6344916","ele":"48","fixme":"this in the right place? it was on the sidewalk","gnis:county_id":"015","gnis:created":"01/15/2003","gnis:feature_id":"1977672","gnis:state_id":"25","leisure":"park","name":"Northampton Downtown Historic District"},
{"lat":"42.3213335","lon":"-72.6271413","amenity":"post_office","ele":"39","gnis:county_id":"015","gnis:created":"01/15/2003","gnis:feature_id":"1977677","gnis:state_id":"25","name":"Northampton Post Office"},
{"lat":"42.3467557","lon":"-72.6695351","amenity":"grave_yard","ele":"85","gnis:county_id":"015","gnis:created":"01/15/2003","gnis:feature_id":"1977692","gnis:state_id":"25","name":"Peter and Paul Russian Orthodox Cemetery"},
{"lat":"42.3173115","lon":"-72.6934248","amenity":"school","ele":"86","gnis:county_id":"015","gnis:created":"01/15/2003","gnis:feature_id":"1977719","gnis:state_id":"25","name":"Robert K Finn School"},
{"lat":"42.3190128","lon":"-72.6367947","amenity":"place_of_worship","ele":"60","gnis:county_id":"015","gnis:state_id":"25","name":"Saint Johns Episcopal Church","note":"FIXME this is in the wrong place","religion":"christian"},
{"lat":"42.3364781","lon":"-72.6734242","amenity":"place_of_worship","ele":"85","gnis:county_id":"015","gnis:created":"01/15/2003","gnis:feature_id":"1977735","gnis:state_id":"25","name":"Seventh Day Adventist Church","religion":"christian"},
{"lat":"42.3198121","lon":"-72.6231453","amenity":"school","ele":"42","gnis:county_id":"015","gnis:created":"01/15/2003","gnis:feature_id":"1977797","gnis:state_id":"25","name":"Valley Christian School"},
{"lat":"42.3375963","lon":"-72.6485765","amenity":"school","ele":"61","gnis:county_id":"015","gnis:created":"08/23/2007","gnis:feature_id":"2341634","gnis:state_id":"25","name":"Northampton Developmental School"},
{"lat":"42.3181247","lon":"-72.6332328","amenity":"pub","name":"Packards"},
{"lat":"42.3198119","lon":"-72.6406457","addr:state":"MA","building":"yes","ele":"58","gnis:county_name":"Hampshire","name":"Smith College Admissions Office"},
{"lat":"42.3220341","lon":"-72.6398124","addr:state":"MA","building":"yes","ele":"73","gnis:county_name":"Hampshire","gnis:feature_id":"1977774","gnis:import_uuid":"57871b70-0100-4405-bb30-88b2e001a944","gnis:reviewed":"no","name":"The Gables"},
{"lat":"42.3636995","lon":"-72.7078692","addr:state":"MA","building":"yes","ele":"153","gnis:county_name":"Hampshire","gnis:feature_id":"603883","gnis:import_uuid":"57871b70-0100-4405-bb30-88b2e001a944","gnis:reviewed":"no","name":"Hampshire County Sanatorium"},
{"lat":"42.319889","lon":"-72.6314388","addr:city":"Northampton","addr:country":"US","addr:housenumber":"15","addr:postcode":"01060","addr:state":"MA","addr:street":"Gothic Street","amenity":"courthouse","ele":"42","gnis:county_name":"Hampshire","gnis:feature_id":"1977523","gnis:import_uuid":"57871b70-0100-4405-bb30-88b2e001a944","gnis:reviewed":"no","name":"Hampshire County Courthouse"},
{"lat":"42.3184177","lon":"-72.6448314","addr:state":"MA","amenity":"kindergarten","ele":"60","name":"Sunnyside Day Care"},
{"lat":"42.3222314","lon":"-72.6265465","addr:state":"MA","amenity":"library","ele":"42","gnis:county_name":"Hampshire","gnis:feature_id":"1977553","gnis:import_uuid":"57871b70-0100-4405-bb30-88b2e001a944","gnis:reviewed":"no","name":"Historic Northampton Archives and Library"},
{"lat":"42.330645","lon":"-72.6545349","addr:state":"MA","amenity":"library","ele":"70","gnis:county_name":"Hampshire","gnis:feature_id":"1977717","gnis:import_uuid":"57871b70-0100-4405-bb30-88b2e001a944","gnis:reviewed":"no","name":"Richard H Dolloff Medical Library"},
{"lat":"42.3492556","lon":"-72.6820354","addr:state":"MA","amenity":"library","ele":"125","gnis:county_name":"Hampshire","gnis:feature_id":"1977435","gnis:import_uuid":"57871b70-0100-4405-bb30-88b2e001a944","gnis:reviewed":"no","name":"Department of Veterans Affairs Medical Center Library"},
{"lat":"42.31824","lon":"-72.636421","addr:state":"MA","building":"yes","ele":"54","name":"Graham Hall","note":"The Smith College campus map (pdf) lists Graham Hall as being part of or inside or something Hilyer Hall, not sure where exactly, or how to tag it"},
{"lat":"42.3153676","lon":"-72.6367567","addr:state":"MA","building":"yes","ele":"49","fixme":"where is garrison house?","gnis:county_name":"Hampshire","gnis:feature_id":"1977491","gnis:import_uuid":"57871b70-0100-4405-bb30-88b2e001a944","gnis:reviewed":"no","name":"Garrison House"},
{"lat":"42.318335","lon":"-72.6283677","addr:state":"MA","ele":"56","name":"Northampton Chamber of Commerce"},
{"lat":"42.3222708","lon":"-72.6264735","addr:state":"MA","building":"yes","ele":"42","gnis:county_name":"Hampshire","gnis:feature_id":"1977674","gnis:import_uuid":"57871b70-0100-4405-bb30-88b2e001a944","gnis:reviewed":"no","name":"Northampton Historical Society Building"},
{"lat":"42.3158878","lon":"-72.6397345","addr:state":"MA","building":"yes","ele":"49","gnis:county_name":"Hampshire","gnis:feature_id":"1977723","gnis:import_uuid":"57871b70-0100-4405-bb30-88b2e001a944","gnis:reviewed":"no","name":"Sage Hall"},
{"lat":"42.3174617","lon":"-72.6395457","addr:state":"MA","building":"yes","ele":"52","gnis:county_name":"Hampshire","name":"Sabin-Reed Hall"},
{"lat":"42.3220341","lon":"-72.6395346","addr:state":"MA","building":"yes","ele":"71","gnis:county_name":"Hampshire","gnis:feature_id":"1977777","gnis:import_uuid":"57871b70-0100-4405-bb30-88b2e001a944","gnis:reviewed":"no","name":"Tily Hall"},
{"lat":"42.30009","lon":"-72.6384235","addr:state":"MA","ele":"33","gnis:county_name":"Hampshire","gnis:created":"02/24/1974","gnis:feature_id":"608776","gnis:feature_type":"Swamp","name":"Neds Ditch","natural":"wetland"},
{"lat":"42.3255565","lon":"-72.6340033","addr:housenumber":"8","addr:street":"Finn","amenity":"sheltered_housing","name":"Norm's Place","website":"http://www.servicenetinc.org/"},
{"lat":"42.3158624","lon":"-72.6390478","address":"Green Street, Northampton MA 01063","amenity":"library","name":"Josten Performing Arts Library","office":"Smith College","region":"Western","type":"Academic"},
{"lat":"42.3171091","lon":"-72.6385183","address":"Elm Street, Northampton MA 01063","addr:state":"MA","building":"yes","gnis:county_name":"Hampshire","name":"Engineering Building","office":"Smith College","region":"Western","type":"Academic"},
{"lat":"42.3185771","lon":"-72.6361412","addr:state":"MA","amenity":"arts_centre","building":"yes","gnis:county_name":"Hampshire","name":"Museum of Art","office":"Smith College"},
{"lat":"42.3081","lon":"-72.7117","landuse":"quarry","man_made":"mine","name":"Sand & Gravel Operation","note":"Record <a href=\"http://tin.er.usgs.gov/mineplant/show.php?labno=4808\">4808</a> of the <a href=\"http://tin.er.usgs.gov/mineplant/\">Active mines and mineral plants in the US</a>"},
{"lat":"42.318293","lon":"-72.6317842","amenity":"cafe","name":"Haymarket"},
{"lat":"42.3197494","lon":"-72.6327942","amenity":"place_of_worship","denomination":"quaker","name":"Northampton Friends Meeting","religion":"christian"},
{"lat":"42.3201076","lon":"-72.6291548","amenity":"restaurant","cuisine":"mexican","name":"La Veracruzana Mexican Restaurant","website":"http://laveracruzana.com/"},
{"lat":"42.3178959","lon":"-72.630876","amenity":"restaurant","name":"Paul & Elizabeth's","website":"http://paulandelizabeths.com/"},
{"lat":"42.3197051","lon":"-72.6291562","amenity":"restaurant","cuisine":"mediteranian","name":"Amanouz Café","website":"http://amanouz.com/"},
{"lat":"42.3202165","lon":"-72.6285103","amenity":"restaurant","cuisine":"sushi","name":"Moshi Moshi","website":"http://moshimoshi-noho.com/"},
{"lat":"42.3359235","lon":"-72.6638851","amenity":"telephone","covered":"yes","fee":"no","name":"Bike Path Phone","operator":"Pedal People","phone":"+1-413-5700095","website":"http://phone.pedalpeople.coop/"},
{"lat":"42.3200347","lon":"-72.6283483","amenity":"restaurant","name":"Kathy's Diner"},
{"lat":"42.3165581","lon":"-72.6341839","amenity":"school","ele":"48","gnis:county_id":"015","gnis:created":"08/27/2002","gnis:feature_id":"601314","gnis:state_id":"25","historic":"yes","name":"Hawley Grammar School (was here)"},
{"lat":"42.3179376","lon":"-72.6309084","amenity":"ice_cream","name":"Harrell's Ice Cream","website":"http://herrells.com/"},
{"lat":"42.3176652","lon":"-72.6331165","attribution":"massDOT","bus":"yes","highway":"bus_stop","name":"Academy of Music - Northampton","network":"FRTA","public_transport":"stop_position","ref":"S25"},
{"lat":"42.333988","lon":"-72.643105","attribution":"massDOT","bus":"yes","highway":"bus_stop","name":"BARRETT / JACKSON","network":"PVTA","public_transport":"stop_position","ref":"213"},
{"lat":"42.33408","lon":"-72.643547","attribution":"massDOT","bus":"yes","highway":"bus_stop","name":"BARRETT / JACKSON","network":"PVTA","public_transport":"stop_position","ref":"212"},
{"lat":"42.333443","lon":"-72.636169","attribution":"massDOT","bus":"yes","highway":"bus_stop","name":"BARRETT / KING","network":"PVTA","public_transport":"stop_position","ref":"218"},
{"lat":"42.3335","lon":"-72.636482","attribution":"massDOT","bus":"yes","highway":"bus_stop","name":"BARRETT / KING","network":"PVTA","public_transport":"stop_position","ref":"216"},
{"lat":"42.338284","lon":"-72.648781","attribution":"massDOT","bus":"yes","highway":"bus_stop","name":"BRIDGE / HATFIELD","network":"PVTA","public_transport":"stop_position","ref":"189"},
{"lat":"42.33374","lon":"-72.639832","attribution":"massDOT","bus":"yes","highway":"bus_stop","name":"Barrett/Hathaway Farms (inbound)","network":"PVTA","public_transport":"stop_position","ref":"215"},
{"lat":"42.333782","lon":"-72.639969","attribution":"massDOT","bus":"yes","highway":"bus_stop","name":"Barrett/Hathaway Farms (outbound)","network":"PVTA","public_transport":"stop_position","ref":"214"},
{"lat":"42.3414964","lon":"-72.6410866","attribution":"massDOT","bus":"yes","highway":"bus_stop","name":"Big Y/Wal-Mart","network":"FRTA","public_transport":"stop_position","ref":"S51"},
{"lat":"42.335014","lon":"-72.667587","attribution":"massDOT","bus":"yes","highway":"bus_stop","name":"CHESTNUT / MAIN","network":"PVTA","public_transport":"stop_position","ref":"207"},
{"lat":"42.313232","lon":"-72.626892","attribution":"massDOT","bus":"yes","highway":"bus_stop","name":"Conz St/ Dialysis Center","network":"PVTA","public_transport":"stop_position","ref":"268"},
{"lat":"42.331215","lon":"-72.676529","attribution":"massDOT","bus":"yes","highway":"bus_stop","name":"Corticelli/ Pine OB","network":"PVTA","public_transport":"stop_position","ref":"9007"},
{"lat":"42.332924","lon":"-72.621559","attribution":"massDOT","bus":"yes","highway":"bus_stop","name":"Damon Road","network":"PVTA","public_transport":"stop_position","ref":"219"},
{"lat":"42.326138","lon":"-72.649696","attribution":"massDOT","bus":"yes","highway":"bus_stop","name":"Elm/Connecting Road (Child's Park)","network":"PVTA","public_transport":"stop_position","ref":"234"},
{"lat":"42.32518","lon":"-72.649391","attribution":"massDOT","bus":"yes","highway":"bus_stop","name":"Elm/Connecting Road (Northampton High School)","network":"PVTA","public_transport":"stop_position","ref":"235"},
{"lat":"42.329987","lon":"-72.678757","attribution":"massDOT","bus":"yes","highway":"bus_stop","name":"FLORENCE / RYAN","network":"PVTA","public_transport":"stop_position","ref":"227"},
{"lat":"42.313747","lon":"-72.629555","attribution":"massDOT","bus":"yes","highway":"bus_stop","name":"FRUIT / SMITH","network":"PVTA","public_transport":"stop_position","ref":"266"},
{"lat":"42.326626","lon":"-72.677513","attribution":"massDOT","bus":"yes","highway":"bus_stop","name":"Florence & Scanlon  (Flag stop - signal driver)","network":"PVTA","public_transport":"stop_position","ref":"5073"},
{"lat":"42.335506","lon":"-72.672363","attribution":"massDOT","bus":"yes","highway":"bus_stop","name":"Florence Center","network":"PVTA","public_transport":"stop_position","ref":"204"},
{"lat":"42.3238129","lon":"-72.6767152","attribution":"massDOT","bus":"yes","highway":"bus_stop","name":"Florence Heights","network":"PVTA","public_transport":"stop_position","ref":"237","shelter":"yes"},
{"lat":"42.337269","lon":"-72.670547","attribution":"massDOT","bus":"yes","highway":"bus_stop","name":"Forsander Apt.","network":"PVTA","public_transport":"stop_position","ref":"192"},
{"lat":"42.315132","lon":"-72.631729","attribution":"massDOT","bus":"yes","highway":"bus_stop","name":"Fruit St/ Old South St","network":"PVTA","public_transport":"stop_position","ref":"263"},
{"lat":"42.338551","lon":"-72.64827","attribution":"massDOT","bus":"yes","highway":"bus_stop","name":"HATFIELD / BRIDGE","network":"PVTA","public_transport":"stop_position","ref":"188"},
{"lat":"42.307316","lon":"-72.658577","attribution":"massDOT","bus":"yes","highway":"bus_stop","name":"Hampshire County House of Corrections","network":"PVTA","public_transport":"stop_position","ref":"9095"},
{"lat":"42.340733","lon":"-72.642075","attribution":"massDOT","bus":"yes","highway":"bus_stop","name":"Hampshire Plaza/ Big Y","network":"PVTA","public_transport":"stop_position","ref":"170"},
{"lat":"42.337112","lon":"-72.6427","attribution":"massDOT","bus":"yes","highway":"bus_stop","name":"Jackson/Gleason (Hampshire Heights)","network":"PVTA","public_transport":"stop_position","ref":"194"},
{"lat":"42.3358","lon":"-72.643578","attribution":"massDOT","bus":"yes","highway":"bus_stop","name":"Jackson/Jackson (Jackson St. School)","network":"PVTA","public_transport":"stop_position","ref":"202"},
{"lat":"42.320587","lon":"-72.630905","attribution":"massDOT","bus":"yes","highway":"bus_stop","name":"King/Allen (Hotel Northampton)","network":"PVTA","public_transport":"stop_position","ref":"246"},
{"lat":"42.323509","lon":"-72.632416","attribution":"massDOT","bus":"yes","highway":"bus_stop","name":"King/Bright (Dunkin' Donuts)","network":"PVTA","public_transport":"stop_position","ref":"242"},
{"lat":"42.3288","lon":"-72.633537","attribution":"massDOT","bus":"yes","highway":"bus_stop","name":"King/Church (Wendy's)","network":"PVTA","public_transport":"stop_position","ref":"233"},
{"lat":"42.3199898","lon":"-72.6301415","attribution":"massDOT","bus":"yes","highway":"bus_stop","name":"King/Merrick (Calvin Theatre)","network":"PVTA","public_transport":"stop_position","ref":"249"},
{"lat":"42.323471","lon":"-72.63253","attribution":"massDOT","bus":"yes","highway":"bus_stop","name":"King/North (Cumberland Farms)","network":"PVTA","public_transport":"stop_position","ref":"239"},
{"lat":"42.33149","lon":"-72.653214","attribution":"massDOT","bus":"yes","highway":"bus_stop","name":"LOCUST / PROSPECT","network":"PVTA","public_transport":"stop_position","ref":"224"},
{"lat":"42.331657","lon":"-72.653183","attribution":"massDOT","bus":"yes","highway":"bus_stop","name":"LOCUST / PROSPECT","network":"PVTA","public_transport":"stop_position","ref":"223"},
{"lat":"42.353508","lon":"-72.699921","attribution":"massDOT","bus":"yes","highway":"bus_stop","name":"Leeds","network":"PVTA","public_transport":"stop_position","ref":"143"},
{"lat":"42.344147","lon":"-72.681961","attribution":"massDOT","bus":"yes","highway":"bus_stop","name":"Look Park OB","network":"PVTA","public_transport":"stop_position","ref":"9161"},
{"lat":"42.335617","lon":"-72.672157","attribution":"massDOT","bus":"yes","highway":"bus_stop","name":"MAIN / MAPLE","network":"PVTA","public_transport":"stop_position","ref":"203"},
{"lat":"42.344357","lon":"-72.68235","attribution":"massDOT","bus":"yes","highway":"bus_stop","name":"MAIN / STATE HWY 9","network":"PVTA","public_transport":"stop_position","ref":"163"},
{"lat":"42.332199","lon":"-72.672112","attribution":"massDOT","bus":"yes","highway":"bus_stop","name":"MAPLE / PINE","network":"PVTA","public_transport":"stop_position","ref":"220"},
{"lat":"42.336372","lon":"-72.661316","attribution":"massDOT","bus":"yes","highway":"bus_stop","name":"MEADOWBROOK APARTMENTS / STRAW","network":"PVTA","public_transport":"stop_position","ref":"199"},
{"lat":"42.336521","lon":"-72.661133","attribution":"massDOT","bus":"yes","highway":"bus_stop","name":"MEADOWBROOK APARTMENTS / STRAW","network":"PVTA","public_transport":"stop_position","ref":"200"},
{"lat":"42.33667","lon":"-72.66114","attribution":"massDOT","bus":"yes","highway":"bus_stop","name":"MEADOWBROOK APARTMENTS / UNNAMED STREET","network":"PVTA","public_transport":"stop_position","ref":"190"},
{"lat":"42.337582","lon":"-72.661057","attribution":"massDOT","bus":"yes","highway":"bus_stop","name":"MEADOWBROOK APARTMENTS / UNNAMED STREET","network":"PVTA","public_transport":"stop_position","ref":"191"},
{"lat":"42.339218","lon":"-72.660553","attribution":"massDOT","bus":"yes","highway":"bus_stop","name":"MEADOWBROOK APARTMENTS / UNNAMED STREET","network":"PVTA","public_transport":"stop_position","ref":"177"},
{"lat":"42.339321","lon":"-72.660477","attribution":"massDOT","bus":"yes","highway":"bus_stop","name":"MEADOWBROOK APARTMENTS / UNNAMED STREET","network":"PVTA","public_transport":"stop_position","ref":"182"},
{"lat":"42.339474","lon":"-72.660492","attribution":"massDOT","bus":"yes","highway":"bus_stop","name":"MEADOWBROOK APARTMENTS / UNNAMED STREET","network":"PVTA","public_transport":"stop_position","ref":"180"},
{"lat":"42.33482","lon":"-72.668434","attribution":"massDOT","bus":"yes","highway":"bus_stop","name":"Main/Wilder (52 Main St., Florence)","network":"PVTA","public_transport":"stop_position","ref":"209"},
{"lat":"42.335979","lon":"-72.672012","attribution":"massDOT","bus":"yes","highway":"bus_stop","name":"Maple/Main (High St. Variant)","network":"PVTA","public_transport":"stop_position","ref":"201"},
{"lat":"42.334846","lon":"-72.67205","attribution":"massDOT","bus":"yes","highway":"bus_stop","name":"Maple/Main (outbound)","network":"PVTA","public_transport":"stop_position","ref":"208"},
{"lat":"42.317841","lon":"-72.633232","attribution":"massDOT","bus":"yes","highway":"bus_stop","name":"Masonic St/ Academy of Music OB","network":"PVTA","public_transport":"stop_position","ref":"260"},
{"lat":"42.319291","lon":"-72.6303155","attribution":"massDOT","bench":"yes","bus":"yes","highway":"bus_stop","name":"Northampton Court House","network":"PVTA","public_transport":"stop_position","ref":"254","shelter":"yes"},
{"lat":"42.317944","lon":"-72.627502","attribution":"massDOT","bus":"yes","highway":"bus_stop","name":"Northampton Lodging","network":"PVTA","public_transport":"stop_position","ref":"259"},
{"lat":"42.3215776","lon":"-72.6270984","attribution":"massDOT","bus":"yes","highway":"bus_stop","name":"Northampton Post Office","network":"PVTA","public_transport":"stop_position","ref":"244"},
{"lat":"42.33115","lon":"-72.676453","attribution":"massDOT","bus":"yes","highway":"bus_stop","name":"PINE / CORTICELLI","network":"PVTA","public_transport":"stop_position","ref":"225"},
{"lat":"42.315002","lon":"-72.625252","attribution":"massDOT","bus":"yes","highway":"bus_stop","name":"Pleasant St/ Hockanum Rd OB","network":"PVTA","public_transport":"stop_position","ref":"262"},
{"lat":"42.324024","lon":"-72.625267","attribution":"massDOT","bus":"yes","highway":"bus_stop","name":"Pomeroy Terrace","network":"PVTA","public_transport":"stop_position","ref":"238"},
{"lat":"42.319721","lon":"-72.637474","bus":"yes","highway":"bus_stop","name":"Prospect St","network":"PVTA","public_transport":"stop_position","ref":"252"},
{"lat":"42.329895","lon":"-72.678619","attribution":"massDOT","bus":"yes","highway":"bus_stop","name":"Ryan/ Spring OB","network":"PVTA","public_transport":"stop_position","ref":"9008"},
{"lat":"42.334656","lon":"-72.663773","attribution":"massDOT","bus":"yes","highway":"bus_stop","name":"STRAW / BERKSHIRE","network":"PVTA","public_transport":"stop_position","ref":"210"},
{"lat":"42.334972","lon":"-72.663597","attribution":"massDOT","bus":"yes","highway":"bus_stop","name":"STRAW / BERKSHIRE","network":"PVTA","public_transport":"stop_position","ref":"211"},
{"lat":"42.328938","lon":"-72.624115","attribution":"massDOT","bus":"yes","highway":"bus_stop","name":"Sheldon Field (E)","network":"PVTA","public_transport":"stop_position","ref":"230"},
{"lat":"42.328922","lon":"-72.624268","attribution":"massDOT","bus":"yes","highway":"bus_stop","name":"Sheldon Field (W)","network":"PVTA","public_transport":"stop_position","ref":"229"},
{"lat":"42.33012","lon":"-72.675125","attribution":"massDOT","bus":"yes","highway":"bus_stop","name":"Starlite Center","network":"PVTA","public_transport":"stop_position","ref":"226"},
{"lat":"42.329475","lon":"-72.636169","attribution":"massDOT","bus":"yes","highway":"bus_stop","name":"Stop & Shop","network":"PVTA","public_transport":"stop_position","ref":"228"},
{"lat":"42.318462","lon":"-72.631142","attribution":"massDOT","bus":"yes","highway":"bus_stop","name":"Thornes Market (R44 Only)","network":"PVTA","public_transport":"stop_position","ref":"256"},
{"lat":"42.351288","lon":"-72.682175","attribution":"massDOT","bus":"yes","highway":"bus_stop","name":"VA Medical Center","network":"PVTA","public_transport":"stop_position","ref":"150"},
{"lat":"42.313328","lon":"-72.627625","attribution":"massDOT","bus":"yes","highway":"bus_stop","name":"Walter Salvo House","network":"PVTA","public_transport":"stop_position","ref":"267"},
{"lat":"42.333683","lon":"-72.629501","attribution":"massDOT","bus":"yes","highway":"bus_stop","name":"54 Industrial Drive","network":"PVTA","public_transport":"stop_position","ref":"9012"},
{"lat":"42.3195003","lon":"-72.629386","amenity":"bank","atm":"yes","name":"Florence Savings Bank","opening_hours":"Mo-We 08:30-16:00;Th-Fr 08:30-17:00;Sa 09:00-12:00","operator":"Florence Savings Bank","phone":"4135861300","website":"http://florencesavings.com/"},
{"lat":"42.3183202","lon":"-72.6317513","name":"Adams Jewelery","shop":"jewelry"},
{"lat":"42.3179423","lon":"-72.632859","addr:city":"Northampton","addr:country":"US","addr:housenumber":"247","addr:postcode":"01060","addr:street":"Main Street","name":"Broadside Bookshop","shop":"books","website":"http://broadsidebooks.com/"},
{"lat":"42.3180688","lon":"-72.6321161","name":"Casa Del Sol","shop":"clothes","website":"http://casadelsolnoho.com/"},
{"lat":"42.3187895","lon":"-72.6312793","name":"Cathy Cross","shop":"clothes"},
{"lat":"42.3187021","lon":"-72.6313777","name":"Changes Salon","shop":"hairdresser"},
{"lat":"42.3187299","lon":"-72.6313437","name":"Country Comfort","shop":"clothes"},
{"lat":"42.3179027","lon":"-72.6335411","amenity":"fast_food","cuisine":"doughnuts","name":"Dunkin' Donuts"},
{"lat":"42.3184883","lon":"-72.6315773","name":"Faces","shop":"toys","website":"http://www.facesmainst.com/"},
{"lat":"42.3179463","lon":"-72.6327713","amenity":"restaurant","name":"Green Bean"},
{"lat":"42.3179655","lon":"-72.6325341","addr:city":"Northampton","addr:country":"US","addr:housenumber":"227","addr:postcode":"01060","addr:street":"Main Street","name":"Hannoush Jewlers","shop":"jewelry"},
{"lat":"42.3179966","lon":"-72.6323829","name":"Inspirit Common","shop":"gift","website":"http://www.inspiritcommon.com/about/store.shtml"},
{"lat":"42.3186545","lon":"-72.6314225","amenity":"restaurant","cuisine":"thai","name":"Lhasa Café","smoking":"no","website":"http://lhasacafe.com/","wheelchair":"yes"},
{"lat":"42.3181257","lon":"-72.6319881","name":"Life Is Good","shop":"clothes"},
{"lat":"42.3182058","lon":"-72.6318646","name":"Main Street Cleaners","shop":"dry_cleaning"},
{"lat":"42.3179073","lon":"-72.6334265","amenity":"restaurant","cuisine":"mexican","name":"Mama Iguana's","phone":"(413) 586-0400","smoking":"no","website":"http://www.spoletorestaurants.com/mama_iguanas/mama_iguanas.html","wheelchair":"yes"},
{"lat":"42.3179128","lon":"-72.6332022","amenity":"restaurant","cuisine":"asian","name":"Noodles"},
{"lat":"42.3183639","lon":"-72.631708","name":"Pinch Gallery","shop":"gallery","website":"http://www.pinchgallery.com/"},
{"lat":"42.3179496","lon":"-72.6326818","amenity":"restaurant","cuisine":"pizza","name":"Sam's Pizzeria and Cafe","phone":"413-587-2677","website":"http://samspizzeria.com/"},
{"lat":"42.3179008","lon":"-72.6336146","name":"Sid Vintage","shop":"clothes"},
{"lat":"42.317984","lon":"-72.6324652","name":"Skera Gallery","tourism":"gallery"},
{"lat":"42.3180482","lon":"-72.6321985","amenity":"cafe","name":"Starbucks"},
{"lat":"42.3181799","lon":"-72.6318897","name":"Synergy","shop":"clothes","website":"http://www.synergysportswear.com/northampton/"},
{"lat":"42.318575","lon":"-72.6315066","amenity":"bank","atm":"yes","name":"TD Bank"},
{"lat":"42.3184162","lon":"-72.6316632","name":"The Hempest","shop":"clothes","website":"http://hempest.com/"},
{"lat":"42.3182494","lon":"-72.6318136","addr:city":"Northampton","addr:country":"US","addr:housenumber":"189","addr:postcode":"01060","addr:street":"Main Street","name":"The Mountain Goat","shop":"clothes","website":"http://mountaingoatnorthampton.com/"},
{"lat":"42.318765","lon":"-72.6313052","name":"Underground Massage","shop":"massage"},
{"lat":"42.3179569","lon":"-72.6325959","name":"Urban Exchange","shop":"clothes","website":"http://urbanexchangenoho.com/"},
{"lat":"42.3179396","lon":"-72.6329373","amenity":"restaurant","cuisine":"italian","name":"Viva Fresh Pasta","phone":"413-586-5875","smoking":"no","website":"http://vivafreshpasta.com/"},
{"lat":"42.3179128","lon":"-72.6332907","name":"ode","shop":"boutique"},
{"lat":"42.3188239","lon":"-72.6312443","name":"Bucci","phone":"413-586-0155","shop":"hairdresser"},
{"lat":"42.3188702","lon":"-72.6312103","addr:city":"Northampton","addr:country":"US","addr:housenumber":"141","addr:postcode":"01060","addr:street":"Main Street","name":"Chocolate Emporium","shop":"confectionery"},
{"lat":"42.3167618","lon":"-72.632697","addr:city":"Northampton","addr:country":"US","addr:housenumber":"244","addr:postcode":"01060","addr:street":"Main Street Annex","name":"Clean Slate"},
{"lat":"42.3191561","lon":"-72.6310929","addr:city":"Northampton","addr:country":"US","addr:housenumber":"129","addr:postcode":"01060","addr:street":"Main Street","amenity":"place_of_worship","name":"First Churches","religion":"christian"},
{"lat":"42.3189196","lon":"-72.6311628","name":"Shop Therapy","shop":"clothes"},
{"lat":"42.3188994","lon":"-72.631181","amenity":"bank","name":"The Old Bank"},
{"lat":"42.3174619","lon":"-72.6323229","addr:city":"Northampton","addr:country":"US","addr:housenumber":"220","addr:postcode":"01060","addr:street":"Main Street","amenity":"place_of_worship","denomination":"unitarian","name":"Unitarian Society","religion":"christian"},
{"lat":"42.3192891","lon":"-72.6307977","name":"Urban Outfitters","shop":"clothes"},
{"lat":"42.3174161","lon":"-72.631148","amenity":"restaurant","name":"Caminito","smoking":"no"},
{"lat":"42.3166586","lon":"-72.6317719","name":"Damn Good Haircuts","shop":"hairdresser"},
{"lat":"42.3167732","lon":"-72.6317719","name":"Forget Me Not Florist","shop":"florist"},
{"lat":"42.31757","lon":"-72.6311461","name":"Glamorama","shop":"clothes"},
{"lat":"42.3166613","lon":"-72.6320145","amenity":"taxi","name":"Green Cab"},
{"lat":"42.3174824","lon":"-72.6311471","amenity":"restaurant","cuisine":"japanese","name":"Osaka","smoking":"no"},
{"lat":"42.3167166","lon":"-72.6320236","amenity":"bus_station","name":"Peter Pan"},
{"lat":"42.3177378","lon":"-72.6311601","name":"Psychic","shop":"psychic"},
{"lat":"42.3173084","lon":"-72.6307419","name":"Ryan Imported Car Repair","shop":"car_repair"},
{"lat":"42.3168649","lon":"-72.6318668","amenity":"restaurant","cuisine":"japanese;korean","name":"SooRa"},
{"lat":"42.3180602","lon":"-72.6313861","amenity":"bank","atm":"yes","name":"United Bank"},
{"lat":"42.3177692","lon":"-72.6315934","name":"A Child's Garden","shop":"toys"},
{"lat":"42.3178334","lon":"-72.6315775","name":"A Notch Above","note":"This is on the second floor, so on the street you'll just see a door.","shop":"hairdresser"},
{"lat":"42.3178604","lon":"-72.6315532","name":"Harlow Luggage","shop":"luggage"},
{"lat":"42.3177043","lon":"-72.6315999","name":"Joia Beauty","shop":"chemist"},
{"lat":"42.3174918","lon":"-72.6316096","amenity":"restaurant","cuisine":"italian","name":"Paradiso","smoking":"no","wheelchair":"yes"},
{"lat":"42.317636","lon":"-72.6316195","addr:city":"Northampton","addr:country":"US","addr:housenumber":"8","addr:postcode":"01060","addr:street":"Crafts Avenue","amenity":"cafe","name":"SIP","smoking":"no"},
{"lat":"42.3178003","lon":"-72.6315868","name":"Unite","shop":"clothes"},
{"lat":"42.3172106","lon":"-72.6316324","fixme":"how to tag an accountant office?","name":"Allan Hankowski CPA"},
{"lat":"42.3172598","lon":"-72.6316301","fixme":"how to tag a staffing agency?","name":"Johnson & Hill Staffing Services"},
{"lat":"42.3173176","lon":"-72.6316254","name":"Northampton Pride & Joy","shop":"books"},
{"lat":"42.3172683","lon":"-72.6311883","name":"Old South Street Center"},
{"lat":"42.3173838","lon":"-72.6316228","addr:city":"Northampton","addr:country":"US","addr:housenumber":"16","addr:postcode":"01060","addr:street":"Crafts Avenue","amenity":"restaurant","cuisine":"chinese;japanese","name":"Taipei & Tokyo","smoking":"no"},
{"lat":"42.3170973","lon":"-72.631595","name":"The Fix","shop":"alcohol"},
{"lat":"42.291741","lon":"-72.6307451","leisure":"marina","name":"Oxbow Marina"},
{"lat":"42.3210978","lon":"-72.6285095","name":"Antique Center of Northampton","shop":"furniture"},
{"lat":"42.3213969","lon":"-72.628795","name":"Birdstone Antiques","shop":"furniture"},
{"lat":"42.3213529","lon":"-72.6287589","name":"Gabriel Books","shop":"books"},
{"lat":"42.3218341","lon":"-72.6291838","amenity":"restaurant","cuisine":"italian","name":"Joe's Pizza & Spaghetti (Joe's Cafe)"},
{"lat":"42.3209574","lon":"-72.6283654","name":"L&M Furniture","shop":"furniture"},
{"lat":"42.321315","lon":"-72.6287215","name":"Market Street Laundry","shop":"laundry"},
{"lat":"42.3211388","lon":"-72.6285428","name":"Metropolitan","shop":"books"},
{"lat":"42.3212402","lon":"-72.6286426","addr:city":"Northampton","addr:country":"US","addr:housenumber":"15","addr:postcode":"01060","addr:street":"Market Street","name":"Paper","shop":"stationery"},
{"lat":"42.3207078","lon":"-72.628464","name":"Roz's Place","shop":"clothes"},
{"lat":"42.322239","lon":"-72.6295341","addr:city":"Northampton","addr:country":"US","addr:housenumber":"47","addr:postcode":"01060","addr:street":"Market Street","amenity":"dojo","name":"Spirit of the Heart"},
{"lat":"42.321067","lon":"-72.628479","name":"Sticks and Bricks","shop":"furniture"},
{"lat":"42.3206571","lon":"-72.6285179","amenity":"restaurant","cuisine":"thai","name":"Thai Garden"},
{"lat":"42.3208954","lon":"-72.6282994","addr:city":"Northampton","addr:country":"US","addr:housenumber":"1","addr:postcode":"01060","addr:street":"Market Street","amenity":"cafe","name":"The Roost","phone":"(413) 587-2625"},
{"lat":"42.3211838","lon":"-72.628583","addr:city":"Northampton","addr:country":"US","addr:housenumber":"11","addr:postcode":"01060","addr:street":"Market Street","name":"Whoo Space","phone":"(413) 727-8173","website":"http://whoospace.com/"},
{"lat":"42.3235479","lon":"-72.6280529","addr:city":"Northampton","addr:country":"US","addr:housenumber":"50","addr:postcode":"01060","addr:street":"Union Street","name":"Coolidge Park Condos"},
{"lat":"42.3236689","lon":"-72.6304657","addr:city":"Northampton","addr:country":"US","addr:housenumber":"89","addr:postcode":"01060","addr:street":"Market Street","name":"Gravity Switch"},
{"lat":"42.3238431","lon":"-72.6305092","addr:city":"Northampton","addr:country":"US","addr:housenumber":"99","addr:postcode":"01060","addr:street":"Market Street","name":"Marché","shop":"hairdresser"},
{"lat":"42.3214937","lon":"-72.6291195","addr:city":"Northampton","addr:country":"US","addr:housenumber":"26","addr:postcode":"01060","addr:street":"Market Street","name":"Market Street Healing Collective"},
{"lat":"42.3216416","lon":"-72.6292496","addr:city":"Northampton","addr:country":"US","addr:housenumber":"30","addr:postcode":"01060","addr:street":"Market Street","name":"Valley Community Development Corperation"},
{"lat":"42.3202059","lon":"-72.6290062","amenity":"restaurant","cuisine":"regional","name":"Fitzwilly's"},
{"lat":"42.3201426","lon":"-72.6285247","name":"Ink Toner Solutions","shop":"ink"},
{"lat":"42.3201397","lon":"-72.629102","amenity":"bar","name":"The Dirty Truth"},
{"lat":"42.320289","lon":"-72.6288969","amenity":"pub","name":"The Toasted Owl"},
{"lat":"42.3206572","lon":"-72.6292502","martial_art":"Aikido","name":"Valley Aikido","shop":"dojo"},
{"lat":"42.341026","lon":"-72.6422596","name":"Big Y","shop":"supermarket"},
{"lat":"42.3478298","lon":"-72.6433711","name":"River Valley Market","shop":"organic"},
{"lat":"42.3220881","lon":"-72.6299188","addr:city":"Northampton","addr:country":"US","addr:housenumber":"50","addr:postcode":"01060","addr:street":"Market Street","name":"Northampton Auto Sales","shop":"cars"},
{"lat":"42.3189536","lon":"-72.6302149","amenity":"restaurant","cuisine":"sandwich","name":"Bruegger's Bagels"},
{"lat":"42.3199342","lon":"-72.6288548","cuisine":"vietnamese","name":"Pho Vietnam"},
{"lat":"42.3190177","lon":"-72.6301272","name":"CVS","shop":"pharmacy"},
{"lat":"42.3187536","lon":"-72.6305023","name":"Ci Ci Boutique","shop":"hairdresser"},
{"lat":"42.3197414","lon":"-72.629092","name":"Don Muller Gallery","shop":"art"},
{"lat":"42.3190722","lon":"-72.6300352","name":"Essentials","shop":"variety_store"},
{"lat":"42.3191578","lon":"-72.6298932","amenity":"ice_cream","name":"GoBerry"},
{"lat":"42.318888","lon":"-72.6303073","name":"Guild Art","shop":"stationery"},
{"lat":"42.3195974","lon":"-72.6305767","name":"Hampshire Council of Governments"},
{"lat":"42.3188338","lon":"-72.630384","name":"Haven Body Arts","shop":"tatoo"},
{"lat":"42.3198683","lon":"-72.6289244","amenity":"restaurant","cuisine":"indian","name":"India Palace"},
{"lat":"42.3199939","lon":"-72.628779","addr:city":"Northampton","addr:country":"US","addr:housenumber":"16","addr:postcode":"01060","addr:state":"MA","addr:street":"Main Street","amenity":"restaurant","cuisine":"burger","name":"Local Burger","opening_hours":"Su-Th 11:30-22:00; Fr-Sa 11:30-03:00","phone":"4135861300","website":"http://localnorthampton.com/"},
{"lat":"42.3192077","lon":"-72.6298298","fixme":"Couldn't figure out how to tag this. They just sell tickets to see performances (and maybe movies) elsewhere.","name":"NBO Tickets"},
{"lat":"42.3186321","lon":"-72.6306751","amenity":"restaurant","cuisine":"pizza","name":"Pinocchio's","smoking":"no","wheelchair":"yes"},
{"lat":"42.3197814","lon":"-72.6297368","name":"Silverscape Designs","shop":"art"},
{"lat":"42.3205313","lon":"-72.6282197","amenity":"restaurant","cuisine":"italian","name":"Spoleto"},
{"lat":"42.3193204","lon":"-72.6296886","name":"Sweeties","shop":"confectionery"},
{"lat":"42.3186719","lon":"-72.6306199","amenity":"restaurant","cuisine":"chinese;japanese","name":"Teapot","smoking":"no"},
{"lat":"42.3191116","lon":"-72.6299781","name":"Ten Thousand Villages","shop":"variety_store"},
{"lat":"42.3188013","lon":"-72.6304364","name":"The Merchantile","shop":"variety_store"},
{"lat":"42.31983","lon":"-72.6289786","name":"Western Village Ski & Sports","shop":"sports"},
{"lat":"42.3197865","lon":"-72.6290324","name":"William Baczek Fine Arts","shop":"art"},
{"lat":"42.3174177","lon":"-72.6343731","addr:housenumber":"17","addr:state":"MA","addr:street":"South Street","amenity":"arts_centre","ele":"56","gnis:county_name":"Hampshire","gnis:feature_id":"1977669","gnis:import_uuid":"57871b70-0100-4405-bb30-88b2e001a944","name":"Northampton Center for the Arts"},
{"lat":"42.3340335","lon":"-72.6802897","fixme":"tag this","name":"Northampton Community Farm","website":"http://www.growfoodnorthampton.com/our-projects/community-farm/"},
{"lat":"42.3206107","lon":"-72.6325836","information":"map","name":"Parking map","tourism":"information"},
{"lat":"42.3298665","lon":"-72.6328795","amenity":"pharmacy","name":"Walgreens Pharmacy"},
{"lat":"42.3309669","lon":"-72.6332979","building":"yes","name":"Potpourri Plaza Shopping Center"},
{"lat":"42.3176674","lon":"-72.6332435","attribution":"massDOT","bus":"yes","highway":"bus_stop","name":"Academy of Music","network":"PVTA","public_transport":"stop_position","ref":"261"},
{"lat":"42.3166108","lon":"-72.6316099","attribution":"massDOT","bus":"yes","highway":"bus_stop","name":"Crafts Ave/ Peter Pan","network":"PVTA","public_transport":"stop_position","ref":"9160"},
{"lat":"42.3155678","lon":"-72.6312045","name":"Northampton Market","shop":"convenience"},
{"lat":"42.3196141","lon":"-72.6375832","bus":"yes","highway":"bus_stop","name":"Smith College","network":"PVTA","public_transport":"stop_position","ref":"251"},
{"lat":"42.3590205","lon":"-72.7020825","name":"Berkshire Cable"},
{"lat":"42.3470392","lon":"-72.6998173","amenity":"sports_centre","name":"Northampton Country Club"},
{"lat":"42.3164156","lon":"-72.6302423","amenity":"community_centre","name":"Owl and Raven","website":"http://owlandraven.org/"},
{"lat":"42.3198119","lon":"-72.6325922","name":"Hampshire Interfaith Shelter & Hampshire Outreach Programs"},
{"lat":"42.3219595","lon":"-72.6321658","name":"Pam's Kickin' Kuts","phone":"(413) 586-2119","shop":"hairdresser"},
{"lat":"42.3204138","lon":"-72.6324586","addr:city":"Northampton","addr:country":"US","addr:housenumber":"42","addr:postcode":"01060","addr:street":"Gothic Street","name":"James House","phone":"(413) 587-0084"},
{"lat":"42.3201331","lon":"-72.6321513","amenity":"kindergarten","name":"People's Institute"},
{"lat":"42.3231689","lon":"-72.6320906","addr:city":"Northampton","addr:country":"US","addr:postcode":"01060","addr:street":"King Street","amenity":"place_of_worship","denomination":"catholic","name":"St Valentine's Polish National Catholic Church","religion":"christian"},
{"lat":"42.3238359","lon":"-72.6323446","name":"servicenet","website":"http://servicenetinc.org/"},
{"lat":"42.3221888","lon":"-72.6322123","addr:city":"Northampton","addr:country":"US","addr:housenumber":"94","addr:postcode":"01060","addr:street":"King Street","name":"94 King"},
{"lat":"42.3333264","lon":"-72.6722198","addr:city":"Florence","addr:country":"US","addr:housenumber":"44","addr:postcode":"01062","addr:state":"MA","addr:street":"Maple Street","email":"fullcirclebikeshop@comcast.net","name":"Full Circle Bike Shop","phone":"(413) 585-8700","service:bicycle:repair":"yes","service:bicycle:retail":"yes","shop":"bicycle","website":"http://fullcirclebikeshop.blogspot.com/"},
{"lat":"42.319978","lon":"-72.6300579","amenity":"theatre","name":"Calvin Theater"},
{"lat":"42.3199144","lon":"-72.6299636","amenity":"restaurant","cuisine":"diner","name":"Jake's"},
{"lat":"42.320013","lon":"-72.6292848","name":"Lucky's Tattoo and Piercing","shop":"tattoo"},
{"lat":"42.3199608","lon":"-72.6293626","amenity":"restaurant","cuisine":"chinese;japanese","name":"Zen"},
{"lat":"42.3200572","lon":"-72.6292206","name":"Zephyr Rugs","shop":"rugs"},
{"lat":"42.3242563","lon":"-72.6318461","artist_name":"Carolyn Clayton, Dana Wilde, Darya Diamond, Perry Huntoon","artwork_type":"mural","name":"C3","start_date":"2012","tourism":"artwork"},
{"lat":"42.3290379","lon":"-72.6358318","addr:housenumber":"228","addr:postcode":"01060","addr:street":"King Street","name":"Stop & Shop","shop":"supermarket"},
{"lat":"42.3287046","lon":"-72.6344802","addr:housenumber":"238","addr:postcode":"01060","addr:street":"King Street","name":"Liquors 44","shop":"alcohol"},
{"lat":"42.3283055","lon":"-72.6338663","addr:housenumber":"220","addr:postcode":"01060","addr:street":"King Street","name":"ACME Automotive","shop":"car_repair"},
{"lat":"42.3284998","lon":"-72.6331501","addr:housenumber":"203","addr:postcode":"01060","addr:street":"King Street","amenity":"fast_food","cuisine":"chicken","name":"KFC / Taco Bell"},
{"lat":"42.3289004","lon":"-72.6332145","addr:housenumber":"221","addr:postcode":"01060","addr:street":"King Street","amenity":"fast_food","cuisine":"burger","name":"McDonald's"},
{"lat":"42.3293346","lon":"-72.6334747","amenity":"fuel","name":"Hess Express"},
{"lat":"42.329989","lon":"-72.6346414","addr:housenumber":"242","addr:postcode":"01060","addr:street":"King Street","name":"AutoZone","shop":"car_repair"},
{"lat":"42.3300286","lon":"-72.634341","addr:housenumber":"242","addr:postcode":"01060","addr:street":"King Street","name":"RadioShack","shop":"hifi"},
{"lat":"42.3311525","lon":"-72.6347091","addr:housenumber":"280","addr:postcode":"01060","addr:street":"King Street","name":"Lia Toyota","shop":"car"},
{"lat":"42.3313909","lon":"-72.6339682","addr:housenumber":"261","addr:postcode":"01060","addr:street":"King Street","amenity":"restaurant","cuisine":"asian","name":"Sakura"},
{"lat":"42.3259673","lon":"-72.6338596","addr:city":"Northampton","addr:country":"US","addr:housenumber":"176","addr:postcode":"01060","addr:state":"MA","addr:street":"King Street","amenity":"bank","atm":"yes","name":"Florence Savings Bank","phone":"(413) 586-1300","website":"https://www.florencesavings.com/"},
{"lat":"42.3252996","lon":"-72.6334176","name":"Beer and Winemaking Supplies","shop":"doityourself"},
{"lat":"42.3250993","lon":"-72.633373","amenity":"fast_food","cuisine":"chinese","name":"China Wok Express"},
{"lat":"42.3255211","lon":"-72.6334977","name":"King Street Liquors","shop":"alcohol"},
{"lat":"42.3255807","lon":"-72.6335093","name":"North Shore Seafood","shop":"seafood"},
{"lat":"42.3198669","lon":"-72.629526","addr:city":"Northampton","addr:housenumber":"51","addr:postcode":"01060","addr:state":"MA","addr:street":"Main Street","name":"Smith Charities"},
{"lat":"42.3289884","lon":"-72.6440276","fixme":"please find a better way to tag this YMCA, it's not just a pool","leisure":"swimming_pool","name":"YMCA","sport":"swimming"},
{"lat":"42.3176947","lon":"-72.6268601","name":"Yes Computers","shop":"computer"},
{"lat":"42.3208657","lon":"-72.6307016","name":"A₂Z Science & Learning Store","shop":"toys"},
{"lat":"42.321615","lon":"-72.6314326","amenity":"bank","name":"Bank Of America"},
{"lat":"42.3207299","lon":"-72.6284406","name":"Bill of Rights Defense Committee"},
{"lat":"42.320983","lon":"-72.6310358","name":"Cooks Shop Here","shop":"kitchenware"},
{"lat":"42.3209431","lon":"-72.6309944","amenity":"ice_cream","name":"Friendly's"},
{"lat":"42.3204422","lon":"-72.6303664","name":"Hampshire County Hall Of Records"},
{"lat":"42.3161884","lon":"-72.6307611","name":"Kid's Kloset","shop":"variety_store"},
{"lat":"42.3200313","lon":"-72.6301398","amenity":"bar","name":"Lounge @ Bar 19"},
{"lat":"42.3210736","lon":"-72.6311281","amenity":"bank","atm":"yes","name":"Northampton Cooperative Bank"},
{"lat":"42.3206371","lon":"-72.6300715","addr:city":"Northampton","addr:country":"US","addr:housenumber":"33","addr:postcode":"01060","addr:state":"MA","addr:street":"King Street","name":"Registry of Deeds;Registry of Probate;Probate Court"},
{"lat":"42.3188481","lon":"-72.6402946","name":"Smith College Greenhouse","tourism":"attraction"},
{"lat":"42.3223245","lon":"-72.6316681","amenity":"place_of_worship","denomination":"catholic","name":"St. Elizabeth Ann Seton","religion":"christian"},
{"lat":"42.3213917","lon":"-72.631315","name":"Whalen Insurance","shop":"insurance"},
{"lat":"42.3196482","lon":"-72.6292267","amenity":"bar","name":"Hinge"},
{"lat":"42.3202735","lon":"-72.6307861","name":"Hotel Northampton","tourism":"hotel"},
{"lat":"42.3205961","lon":"-72.6306046","amenity":"bank","name":"People's United Bank"},
{"lat":"42.319894","lon":"-72.6288914","amenity":"bar","name":"The Foundry"},
{"lat":"42.3206083","lon":"-72.6312688","name":"7-Eleven","shop":"convenience"},
{"lat":"42.319931","lon":"-72.6299906","fixme":"is birdhouse music a store or performance space?","name":"Birdhouse Music","shop":"musical_instrument"},
{"lat":"42.3190821","lon":"-72.6315737","amenity":"public_building","name":"Central Chambers"},
{"lat":"42.3190464","lon":"-72.6314595","addr:city":"Northampton","addr:country":"US","addr:housenumber":"12","addr:postcode":"01060","addr:street":"Center Street","amenity":"dentist","name":"Hampshire Family Dental"},
{"lat":"42.3191107","lon":"-72.6316735","amenity":"theatre","name":"Iron Horse Music Hall"},
{"lat":"42.3191416","lon":"-72.6317884","amenity":"doctors","name":"Northampton Chiropractic & Wellness Center","phone":"(413) 582-9111"},
{"lat":"42.3093144","lon":"-72.6681759","name":"Pathways Cohousing","place":"neighbourhood"},
{"lat":"42.3073321","lon":"-72.6713596","name":"Rocky Hill Cohousing","place":"neighbourhood"},
{"lat":"42.3186444","lon":"-72.6354274","name":"Smith College Computer Store","shop":"computer"},
{"lat":"42.3183662","lon":"-72.635193","amenity":"place_of_worship","name":"St. Mary's (closed)","religion":"christian"},
{"lat":"42.3342706","lon":"-72.6679165","amenity":"cafe","description":"coffee, vegan pastries and food","name":"Cafe Evolution","website":"http://cafe-evolution.com"},
{"lat":"42.3185936","lon":"-72.6281862","amenity":"restaurant","cuisine":"sandwich","name":"Grub Sandwich Shop","opening_hours":"Sun-Wed 11:30am-10pm Thurs-Sat 11:30am-2:00am","phone":"(413)727-8322","smoking":"no","website":"www.grubsandwichshop.com"},
{"lat":"42.325195","lon":"-72.632354","addr:city":"Northampton","addr:country":"US","addr:housenumber":"145","addr:postcode":"01060","addr:state":"MA","addr:street":"King Street","name":"Foster Farrar True Value Hardware","shop":"hardware"},
{"lat":"42.3324762","lon":"-72.6357727","leisure":"sports_centre","name":"Northampton Athletic Club","wheelchair":"yes"},
{"lat":"42.3321695","lon":"-72.6281778","name":"Wright Builders","office":"architect"},
{"lat":"42.3233","lon":"-72.6325825","amenity":"cafe","cuisine":"coffee_shop","name":"Shelburne Falls Coffee Roasters"},
{"lat":"42.31828","lon":"-72.6311586","name":"Iris Photo & Digital","shop":"photo"},
{"lat":"42.3181875","lon":"-72.6311","name":"Raven Used Books","second_hand":"yes","shop":"books"},
{"lat":"42.3183422","lon":"-72.6310785","name":"Ted's Boot Shop","shop":"shoes"},
{"lat":"42.3184171","lon":"-72.6309592","name":"Thornes Marketplace","shop":"mall","website":"http://www.thornesmarketplace.com/"},
{"lat":"42.3160512","lon":"-72.6200502","name":"Town Farm"},
{"lat":"42.3244145","lon":"-72.6331846","name":"Cumberland Farms","shop":"convenience"},
{"lat":"42.3238553","lon":"-72.633092","amenity":"cafe","cuisine":"coffee_shop;donut","name":"Dunkin' Donuts"},
{"lat":"42.3199274","lon":"-72.6346174","name":"Hungry Ghost Bread","shop":"bakery"},
{"lat":"42.3200735","lon":"-72.6342057","name":"Serio's Market","shop":"supermarket"},
{"lat":"42.3194687","lon":"-72.6341039","amenity":"fast_food","cuisine":"sandwich","name":"State Street Deli"},
{"lat":"42.3193625","lon":"-72.6341003","name":"State Street Fruit Store","shop":"supermarket"},
{"lat":"42.3241749","lon":"-72.632492","name":"Amazing.net","shop":"erotic"},
{"lat":"42.3139977","lon":"-72.6253779","addr:housenumber":"6","addr:postcode":"01060","addr:street":"Service Center Road","email":"info@nohobeadery.com","name":"Northampton Beadery","phone":"+1 413 5863885","shop":"beads","website":"http://nohobeadery.com"},
{"lat":"42.3138987","lon":"-72.6254239","craft":"glazier","name":"Smith Glass","shop":"glass"},
{"lat":"42.3145889","lon":"-72.6268134","name":"Webs","shop":"fabric"},
{"lat":"42.3216294","lon":"-72.6319375","addr:housenumber":"88","addr:street":"King Street","name":"Borawski Insurance"},
{"lat":"42.3170757","lon":"-72.6259994","addr:housenumber":"256","addr:street":"Pleasant Street","name":"Northampton Lumber Company"},
{"lat":"42.3218702","lon":"-72.6321367","amenity":"fast_food","cuisine":"sandwich","name":"Subway"},
{"lat":"42.3179288","lon":"-72.6315169","name":"Tart Baking Co.","shop":"bakery"},
{"lat":"42.3353926","lon":"-72.6359257","name":"Bridgestone Tires","shop":"tyres"},
{"lat":"42.335547","lon":"-72.6360073","name":"Firestone","shop":"car_repair","website":"http://www.firestonecompleteautocare.com/local/tires/Northampton/MA/"},
{"lat":"42.3354093","lon":"-72.6208748","bridge":"yes","condition":"deficient","hgv":"designated","highway":"track","lanes":"1","maxspeed":"35 mph","name":"Friedman Complex","NHS":"yes","ref":"5","attribution":"Office of Geographic and Environmental Information (MassGIS)","massgis:way_id":"130288","source:hgv":"MassGIS","width":"9.1","bicycle":"no","foot":"yes","horse":"no","oneway":"yes","sidewalk":"none","noname":"yes","name_orig":"Ramp-rt 91 Nb To Rt 9","ramp":"yes","surface":"unpaved","orig_name":"Ramp-rt 91 Nb To Elm St","service":"spur","access":"yes;restricted","source:maxspeed":"massgis","fixme":"shape very approximate","emergency":"yes","layer":"1","history":"Retrieved from v1","note":"each space is reserved for a particular city official","junction":"roundabout","barrier":"hedge","cycleway":"track","tracktype":"grade5","gauge":"1435","note:old_railway_operator":"Connecticut River","old_railway_operator":"NYNH&H","railway":"rail","area":"yes","landuse":"conservation","leisure":"pitch","massgis:ARTICLE97":"0","massgis:ASSESS_ACR":"6.40000000;0.00000000","massgis:ASSESS_LOT":"5","massgis:ASSESS_MAP":"112","massgis:ATT_DATE":"1998/08/18;2005/11/02","massgis:COMMENTS":"PARTIAL PARCEL. DEED ACRES MAY BE 60.55.  SOURCE: http://www.envirobond.org/documents/08_grant_decisions.pdf","massgis:DCAM_ID":"0","massgis:DEED_ACRES":"0.00000000","massgis:EOEAINVOLV":"0","massgis:FEE_OWNER":"Massachusetts Audubon Society","massgis:FEESYM":"L","massgis:FY_FUNDING":"0","massgis:GRANTPROG1":"SH","massgis:GRANTPROG2":"LWCF","massgis:GRANTTYPE1":"S","massgis:GRANTTYPE2":"F","massgis:LEV_PROT":"P","massgis:MANAGER":"City of Northampton Conservation Commission","massgis:MANAGR_ABR":"M214CC","massgis:MANAGR_TYP":"M","massgis:OS_DEED_BO":"1155;0","massgis:OS_DEED_PA":"0;174","massgis:OS_ID":"214-846;87-283","massgis:OWNER_ABRV":"MAS","massgis:OWNER_TYPE":"L","massgis:POLY_ID":"846;283","massgis:PRIM_PURP":"C","massgis:PROJ_ID1":"DAR_062200214MIC","massgis:PROJ_ID2":"DCS-LW427","massgis:PUB_ACCESS":"L;Y","massgis:SITE_NAME":"Arcadia Wildlife Sanctuary","massgis:SOURCE_MAP":"Town;CITY G","massgis:TOWN_ID":"214;87","owner":"Massachusetts Audubon Society","ownership":"land_trust","protected":"perpetuity","natural":"water","waterway":"river","amenity":"parking","building":"yes","fee":"yes","parking":"multi-storey","capacity":"8","boat":"no","incline":"up","sport":"soccer","footway":"sidewalk","agricultural":"yes","massgis:ALT_SITE_N":"VLF/ MICKA","massgis:ASSESS_BLK":"6","massgis:CAL_DATE_R":"6/22/2000","massgis:INTSYM":"APR","massgis:OLI_1_ABRV":"DAR","massgis:OLI_1_INT":"APR","massgis:OLI_1_ORG":"Department of Agricultural Resources","massgis:OLI_1_TYPE":"S","massgis:OLI_2_ABRV":"M214CC","massgis:OLI_2_INT":"APR","massgis:OLI_2_ORG":"City of Northampton Conservation Commission","massgis:OLI_2_TYPE":"M","massgis:SOURCE_TYP":"P2","start_date":"2000-06-22","massgis:BASE_MAP":"TOWN","massgis:PROJ_ID3":"DCS-LW304","massgis:ASSESS_SUB":"1","massgis:BOND_ACCT":"20008842","website":"http://www.nohogardens.org/","historical":"yes","wheelchair":"yes","motor_vehicle":"no","segregated":"no","aeroway":"apron","motorboat":"yes","address":"Elm Street, Northampton MA 01063","addr:state":"Massachusetts","ele":"58","gnis:county_name":"Hampshire","office":"Smith College","region":"Western","type":"multipolygon","capacity:disabled":"2","gnis:county_id":"015","gnis:created":"08/27/2002","gnis:feature_id":"601324","gnis:state_id":"25","addr:city":"Westhampton","addr:country":"US","addr:housenumber":"27","addr:postcode":"01060","addr:street":"Olander Drive","gnis:import_uuid":"57871b70-0100-4405-bb30-88b2e001a944","gnis:reviewed":"no","source_url":"http://mass.gov/mgis/townhalls.htm","FIXME":"What did it do in eastern Worthington?","lit":"yes","closest_town":"Northampton, Massachusetts","faa":"7B2","gnis:feature_type":"Airport","is_in":"US","name_1":"LaFleur Airport","name:en":"Northampton Airport","operator":"Seven Bravo Two, LLC","wikipedia:en":"Northampton_Airport","addr:housename":"Greater Northampton Chamber of Commerce & Visitors Center","designation":"Visitors Center","historic":"memorial","shelter_type":"public_transport","admin_level":"8","boundary":"administrative","construction":"yes","man_made":"dyke","shop":"garden_centre","generator:method":"photovoltaic","generator:output:electricity":"yes","generator:source":"solar","power":"generator","level":"1","step_count":"1","tunnel":"yes","smoothness":"very_horrible","ford":"yes","electrified":"no","usage":"industrial","massgis:LOC_ID":"347187_2931580","water":"river","network":"US:US","route":"road","old_name":"Third Massachusetts Turnpike","addr:county":"Hampshire County","destination":"Long Island Sound","name:es":"Río Connecticut","name:ru":"Коннектикут","wikipedia":"en:U.S. Route 5","is_in:state":"MA","symbol":"http://upload.wikimedia.org/wikipedia/commons/2/28/US_5.svg","restriction":"no_left_turn"},
{}
]
